{
  "targeting": [
    {
      "faceMonster": false,
      "diamondArrows": false,
      "danger": 1,
      "maxDistance": 10,
      "rpSafe": false,
      "anchor": false,
      "keepDistance": false,
      "priority": 2,
      "chase": false,
      "lure": false,
      "lureMax": 3,
      "delayFrom": 2,
      "dynamicLureDelay": false,
      "lureMin": 1,
      "dynamicLure": false,
      "lureDelay": 250,
      "closeLure": false,
      "closeLureAmount": 3,
      "keepDistanceRange": 1,
      "rePositionAmount": 5,
      "lureCavebot": false,
      "lureCount": 3,
      "avoidAttacks": false,
      "dontLoot": false,
      "regex": "^hades$",
      "name": "hades",
      "anchorRange": 3,
      "rePosition": false
    },
    {
      "faceMonster": false,
      "diamondArrows": false,
      "danger": 1,
      "maxDistance": 10,
      "rpSafe": false,
      "anchor": false,
      "keepDistance": false,
      "priority": 1,
      "chase": false,
      "lure": false,
      "lureMax": 10,
      "delayFrom": 3,
      "dynamicLureDelay": true,
      "lureMin": 2,
      "dynamicLure": false,
      "lureDelay": 467,
      "closeLure": false,
      "closeLureAmount": 3,
      "keepDistanceRange": 1,
      "rePositionAmount": 5,
      "lureCavebot": true,
      "lureCount": 3,
      "avoidAttacks": false,
      "dontLoot": true,
      "regex": "^death$|^holy$|^physical$",
      "name": "death, holy, physical",
      "anchorRange": 3,
      "rePosition": false
    },
    {
      "faceMonster": false,
      "diamondArrows": false,
      "danger": 1,
      "maxDistance": 10,
      "rpSafe": false,
      "anchor": false,
      "keepDistance": true,
      "priority": 1,
      "chase": false,
      "lure": false,
      "lureMax": 3,
      "delayFrom": 2,
      "dynamicLureDelay": false,
      "lureMin": 1,
      "dynamicLure": false,
      "lureDelay": 250,
      "closeLure": false,
      "closeLureAmount": 3,
      "keepDistanceRange": 5,
      "rePositionAmount": 5,
      "lureCavebot": false,
      "lureCount": 1,
      "avoidAttacks": false,
      "dontLoot": false,
      "regex": "^rokita$",
      "name": "Rokita",
      "anchorRange": 3,
      "rePosition": false
    },
    {
      "faceMonster": false,
      "diamondArrows": false,
      "danger": 1,
      "maxDistance": 10,
      "rpSafe": false,
      "anchor": false,
      "keepDistance": false,
      "priority": 1,
      "chase": false,
      "lure": false,
      "lureMax": 9,
      "delayFrom": 3,
      "dynamicLureDelay": true,
      "lureMin": 1,
      "dynamicLure": true,
      "lureDelay": 633,
      "closeLure": false,
      "closeLureAmount": 3,
      "avoidAttacks": false,
      "rePositionAmount": 5,
      "lureCavebot": false,
      "lureCount": 1,
      "keepDistanceRange": 1,
      "dontLoot": false,
      "anchorRange": 3,
      "name": "Bojowy Ogar",
      "regex": "^bojowy ogar$",
      "rePosition": false
    },
    {
      "faceMonster": false,
      "diamondArrows": false,
      "danger": 2,
      "maxDistance": 10,
      "rpSafe": false,
      "anchor": false,
      "keepDistance": false,
      "priority": 1,
      "chase": false,
      "lure": false,
      "lureMax": 3,
      "delayFrom": 2,
      "dynamicLureDelay": false,
      "lureMin": 1,
      "dynamicLure": false,
      "lureDelay": 250,
      "closeLure": false,
      "closeLureAmount": 3,
      "keepDistanceRange": 1,
      "rePositionAmount": 5,
      "lureCavebot": false,
      "lureCount": 1,
      "avoidAttacks": false,
      "dontLoot": false,
      "regex": "^daily terror bird$",
      "name": "daily terror bird",
      "anchorRange": 3,
      "rePosition": false
    },
    {
      "faceMonster": false,
      "diamondArrows": false,
      "danger": 1,
      "maxDistance": 10,
      "rpSafe": false,
      "anchor": false,
      "keepDistance": false,
      "priority": 1,
      "chase": false,
      "lure": false,
      "lureMax": 3,
      "delayFrom": 2,
      "dynamicLureDelay": false,
      "lureMin": 1,
      "dynamicLure": false,
      "lureDelay": 250,
      "closeLure": false,
      "closeLureAmount": 3,
      "keepDistanceRange": 1,
      "rePositionAmount": 5,
      "lureCavebot": false,
      "lureCount": 1,
      "avoidAttacks": false,
      "dontLoot": false,
      "regex": "^daily toad$",
      "name": "daily toad",
      "anchorRange": 3,
      "rePosition": false
    },
    {
      "faceMonster": false,
      "diamondArrows": false,
      "danger": 1,
      "maxDistance": 10,
      "rpSafe": false,
      "anchor": false,
      "keepDistance": false,
      "priority": 1,
      "chase": false,
      "lure": false,
      "lureMax": 3,
      "delayFrom": 2,
      "dynamicLureDelay": false,
      "lureMin": 1,
      "dynamicLure": false,
      "lureDelay": 250,
      "closeLure": false,
      "closeLureAmount": 3,
      "keepDistanceRange": 1,
      "rePositionAmount": 5,
      "lureCavebot": false,
      "lureCount": 1,
      "avoidAttacks": false,
      "dontLoot": false,
      "regex": "^diceros$|^elite diceros$",
      "name": "diceros, elite diceros",
      "anchorRange": 3,
      "rePosition": false
    },
    {
      "faceMonster": false,
      "diamondArrows": false,
      "danger": 1,
      "maxDistance": 10,
      "rpSafe": false,
      "anchor": false,
      "keepDistance": false,
      "priority": 1,
      "chase": false,
      "lure": false,
      "lureMax": 8,
      "delayFrom": 3,
      "dynamicLureDelay": true,
      "lureMin": 2,
      "dynamicLure": true,
      "lureDelay": 110,
      "closeLure": false,
      "closeLureAmount": 3,
      "avoidAttacks": false,
      "anchorRange": 3,
      "lureCavebot": false,
      "lureCount": 5,
      "rePositionAmount": 2,
      "dontLoot": false,
      "regex": "^risem$|^grog$|^ancient dragon$|^saper$|^bagienna hydra$",
      "name": "Risem, grog, ancient dragon, saper, bagienna hydra",
      "keepDistanceRange": 1,
      "rePosition": false
    },
    {
      "faceMonster": false,
      "diamondArrows": false,
      "danger": 1,
      "maxDistance": 10,
      "rpSafe": false,
      "anchor": false,
      "keepDistance": false,
      "priority": 1,
      "chase": false,
      "lure": false,
      "lureMax": 3,
      "delayFrom": 2,
      "dynamicLureDelay": false,
      "lureMin": 1,
      "dynamicLure": false,
      "lureDelay": 250,
      "closeLure": false,
      "closeLureAmount": 3,
      "keepDistanceRange": 1,
      "rePositionAmount": 5,
      "lureCavebot": false,
      "lureCount": 1,
      "avoidAttacks": false,
      "dontLoot": false,
      "regex": "^wyladowanie$|^spektator$|^nessie$|^rozladowanie$",
      "name": "wyladowanie, spektator, nessie, rozladowanie",
      "anchorRange": 3,
      "rePosition": false
    },
    {
      "faceMonster": false,
      "diamondArrows": false,
      "danger": 1,
      "maxDistance": 10,
      "rpSafe": false,
      "anchor": false,
      "keepDistance": false,
      "priority": 1,
      "chase": true,
      "lure": false,
      "lureMax": 3,
      "delayFrom": 2,
      "dynamicLureDelay": false,
      "lureMin": 1,
      "dynamicLure": false,
      "lureDelay": 250,
      "closeLure": false,
      "closeLureAmount": 3,
      "keepDistanceRange": 1,
      "rePositionAmount": 5,
      "lureCavebot": false,
      "lureCount": 1,
      "avoidAttacks": false,
      "dontLoot": false,
      "regex": "^burning hunter$|^burning guard$",
      "name": "burning hunter, burning guard",
      "anchorRange": 3,
      "rePosition": false
    },
    {
      "faceMonster": false,
      "diamondArrows": false,
      "danger": 1,
      "maxDistance": 10,
      "rpSafe": false,
      "anchor": false,
      "keepDistance": true,
      "priority": 1,
      "chase": false,
      "lure": false,
      "lureMax": 3,
      "delayFrom": 2,
      "dynamicLureDelay": false,
      "lureMin": 1,
      "dynamicLure": false,
      "lureDelay": 250,
      "closeLure": false,
      "closeLureAmount": 3,
      "keepDistanceRange": 2,
      "rePositionAmount": 5,
      "lureCavebot": false,
      "lureCount": 1,
      "avoidAttacks": false,
      "dontLoot": false,
      "regex": "^ferumbras king$",
      "name": "ferumbras king",
      "anchorRange": 3,
      "rePosition": false
    },
    {
      "faceMonster": false,
      "diamondArrows": false,
      "danger": 1,
      "maxDistance": 10,
      "rpSafe": false,
      "anchor": false,
      "keepDistance": false,
      "priority": 1,
      "chase": true,
      "lure": false,
      "lureMax": 3,
      "delayFrom": 2,
      "dynamicLureDelay": false,
      "lureMin": 1,
      "dynamicLure": false,
      "lureDelay": 250,
      "closeLure": false,
      "closeLureAmount": 3,
      "keepDistanceRange": 1,
      "rePositionAmount": 5,
      "lureCavebot": false,
      "lureCount": 1,
      "avoidAttacks": false,
      "dontLoot": false,
      "regex": "^lucyfer$|^fire demon$",
      "name": "lucyfer, fire demon",
      "anchorRange": 3,
      "rePosition": false
    },
    {
      "faceMonster": false,
      "diamondArrows": false,
      "danger": 1,
      "maxDistance": 10,
      "rpSafe": false,
      "anchor": false,
      "keepDistance": false,
      "priority": 1,
      "chase": false,
      "lure": false,
      "lureMax": 3,
      "delayFrom": 2,
      "dynamicLureDelay": false,
      "lureMin": 1,
      "dynamicLure": false,
      "lureDelay": 250,
      "closeLure": false,
      "closeLureAmount": 3,
      "keepDistanceRange": 1,
      "rePositionAmount": 5,
      "lureCavebot": false,
      "lureCount": 1,
      "avoidAttacks": true,
      "dontLoot": true,
      "regex": "^young ice stone$|^young fire stone$|^young earth stone$",
      "name": "young ice stone, young fire stone, young earth stone",
      "anchorRange": 3,
      "rePosition": false
    },
    {
      "faceMonster": false,
      "diamondArrows": false,
      "danger": 1,
      "maxDistance": 10,
      "rpSafe": false,
      "anchor": false,
      "keepDistance": true,
      "priority": 1,
      "chase": false,
      "lure": false,
      "lureMax": 3,
      "delayFrom": 2,
      "dynamicLureDelay": false,
      "lureMin": 1,
      "dynamicLure": false,
      "lureDelay": 250,
      "closeLure": false,
      "closeLureAmount": 3,
      "keepDistanceRange": 5,
      "rePositionAmount": 5,
      "lureCavebot": false,
      "lureCount": 1,
      "avoidAttacks": true,
      "dontLoot": false,
      "regex": "^boruta$|^bekart wojny$|^rokita$",
      "name": "Boruta, Bekart Wojny, Rokita",
      "anchorRange": 3,
      "rePosition": false
    },
    {
      "faceMonster": false,
      "diamondArrows": false,
      "danger": 1,
      "maxDistance": 10,
      "rpSafe": false,
      "anchor": false,
      "keepDistance": false,
      "priority": 1,
      "chase": false,
      "lure": false,
      "lureMax": 3,
      "delayFrom": 2,
      "dynamicLureDelay": false,
      "lureMin": 1,
      "dynamicLure": false,
      "lureDelay": 250,
      "closeLure": false,
      "closeLureAmount": 3,
      "keepDistanceRange": 1,
      "rePositionAmount": 5,
      "lureCavebot": false,
      "lureCount": 1,
      "avoidAttacks": false,
      "dontLoot": false,
      "regex": "^koszmar$",
      "name": "Koszmar",
      "anchorRange": 3,
      "rePosition": false
    },
    {
      "faceMonster": false,
      "diamondArrows": false,
      "danger": 1,
      "maxDistance": 10,
      "rpSafe": false,
      "anchor": false,
      "keepDistance": false,
      "priority": 1,
      "chase": false,
      "lure": false,
      "lureMax": 3,
      "delayFrom": 2,
      "dynamicLureDelay": false,
      "lureMin": 1,
      "dynamicLure": false,
      "lureDelay": 250,
      "closeLure": false,
      "closeLureAmount": 3,
      "keepDistanceRange": 1,
      "rePositionAmount": 5,
      "lureCavebot": false,
      "lureCount": 1,
      "avoidAttacks": false,
      "dontLoot": false,
      "regex": "^mr. pumpkin$",
      "name": "mr. pumpkin",
      "anchorRange": 3,
      "rePosition": false
    },
    {
      "faceMonster": false,
      "diamondArrows": false,
      "danger": 1,
      "maxDistance": 10,
      "rpSafe": false,
      "anchor": false,
      "keepDistance": false,
      "priority": 1,
      "chase": false,
      "lure": false,
      "lureMax": 9,
      "delayFrom": 3,
      "dynamicLureDelay": true,
      "lureMin": 1,
      "dynamicLure": true,
      "lureDelay": 140,
      "closeLure": false,
      "closeLureAmount": 3,
      "keepDistanceRange": 1,
      "rePositionAmount": 5,
      "lureCavebot": false,
      "lureCount": 1,
      "avoidAttacks": false,
      "dontLoot": false,
      "regex": "^arkanoid$",
      "name": "arkanoid",
      "anchorRange": 3,
      "rePosition": false
    },
    {
      "faceMonster": false,
      "diamondArrows": false,
      "danger": 1,
      "maxDistance": 10,
      "rpSafe": false,
      "anchor": false,
      "keepDistance": false,
      "priority": 1,
      "chase": false,
      "lure": false,
      "lureMax": 7,
      "delayFrom": 2,
      "dynamicLureDelay": true,
      "lureMin": 1,
      "dynamicLure": true,
      "lureDelay": 250,
      "closeLure": false,
      "closeLureAmount": 3,
      "avoidAttacks": false,
      "rePositionAmount": 5,
      "lureCavebot": false,
      "lureCount": 1,
      "name": "hrimtur",
      "dontLoot": false,
      "regex": "^hrimtur$",
      "keepDistanceRange": 1,
      "anchorRange": 3,
      "rePosition": false
    },
    {
      "faceMonster": false,
      "diamondArrows": false,
      "danger": 1,
      "maxDistance": 10,
      "rpSafe": false,
      "anchor": false,
      "keepDistance": false,
      "priority": 1,
      "chase": true,
      "lure": false,
      "lureMax": 3,
      "delayFrom": 2,
      "dynamicLureDelay": false,
      "lureMin": 1,
      "dynamicLure": false,
      "lureDelay": 250,
      "closeLure": false,
      "closeLureAmount": 3,
      "regex": "^mr. snowman$",
      "rePosition": false,
      "lureCavebot": false,
      "lureCount": 1,
      "avoidAttacks": false,
      "rePositionAmount": 5,
      "anchorRange": 3,
      "keepDistanceRange": 1,
      "dontLoot": false,
      "name": "Mr. Snowman"
    }
  ],
  "looting": {
    "containers": [

    ],
    "minCapacity": 100,
    "everyItem": false,
    "items": [
      {
        "id": 6548,
        "count": 129
      },
      {
        "id": 5904,
        "count": 31
      }
    ],
    "maxDanger": 10
  }
}