{
  "targeting": [
    {
      "delayFrom": 2,
      "dynamicLureDelay": false,
      "rpSafe": false,
      "lure": false,
      "rePosition": false,
      "lureMin": 1,
      "dynamicLure": false,
      "lureDelay": 250,
      "regex": "^boruta$|^bekart wojny$|^rokita$|^meteo$|^clockwork$|^demoniczny pomiot$|^earth stone$|^fire stone$|^ice stone$",
      "closeLureAmount": 3,
      "lureCavebot": false,
      "danger": 1,
      "maxDistance": 10,
      "rePositionAmount": 5,
      "anchorRange": 3,
      "keepDistanceRange": 5,
      "closeLure": false,
      "keepDistance": true,
      "avoidAttacks": false,
      "chase": false,
      "faceMonster": false,
      "dontLoot": false,
      "name": "Boruta, Bekart Wojny, Rokita, Meteo, Clockwork, Demoniczny Pomiot, Earth Stone, Fire Stone, Ice Stone",
      "lureCount": 1,
      "diamondArrows": false,
      "anchor": false,
      "priority": 3,
      "lureMax": 3
    },
    {
      "delayFrom": 2,
      "dynamicLureDelay": false,
      "rpSafe": false,
      "lure": false,
      "rePosition": false,
      "lureMin": 1,
      "dynamicLure": false,
      "priority": 3,
      "closeLure": false,
      "closeLureAmount": 3,
      "lureCavebot": false,
      "danger": 1,
      "maxDistance": 10,
      "rePositionAmount": 5,
      "anchorRange": 3,
      "keepDistanceRange": 1,
      "regex": "^daily toad$",
      "keepDistance": false,
      "avoidAttacks": false,
      "chase": false,
      "faceMonster": false,
      "dontLoot": false,
      "anchor": false,
      "name": "daily toad",
      "lureCount": 1,
      "diamondArrows": false,
      "lureDelay": 250,
      "lureMax": 3
    },
    {
      "delayFrom": 2,
      "dynamicLureDelay": false,
      "rpSafe": false,
      "lure": false,
      "rePosition": false,
      "lureMin": 1,
      "dynamicLure": false,
      "lureDelay": 250,
      "regex": "^daily terror bird$",
      "closeLureAmount": 3,
      "lureCavebot": false,
      "danger": 1,
      "maxDistance": 10,
      "rePositionAmount": 5,
      "anchorRange": 3,
      "keepDistanceRange": 1,
      "name": "daily terror bird",
      "keepDistance": false,
      "avoidAttacks": false,
      "chase": false,
      "faceMonster": false,
      "dontLoot": false,
      "lureCount": 1,
      "diamondArrows": false,
      "closeLure": false,
      "anchor": false,
      "priority": 2,
      "lureMax": 3
    },
    {
      "delayFrom": 2,
      "dynamicLureDelay": false,
      "rpSafe": false,
      "lure": false,
      "rePosition": false,
      "lureMin": 1,
      "dynamicLure": false,
      "lureDelay": 250,
      "regex": "^cylerian$|^zle oko$|^atrox$|^abitanski topornik$",
      "closeLureAmount": 3,
      "lureCavebot": false,
      "danger": 1,
      "maxDistance": 10,
      "rePositionAmount": 5,
      "anchorRange": 3,
      "keepDistanceRange": 1,
      "closeLure": false,
      "keepDistance": false,
      "avoidAttacks": false,
      "chase": false,
      "faceMonster": false,
      "dontLoot": false,
      "name": "cylerian, zle oko, atrox, Abitanski Topornik",
      "lureCount": 1,
      "diamondArrows": false,
      "anchor": false,
      "priority": 1,
      "lureMax": 3
    },
    {
      "delayFrom": 2,
      "dynamicLureDelay": false,
      "rpSafe": false,
      "lure": false,
      "rePosition": false,
      "lureMin": 1,
      "dynamicLure": false,
      "lureDelay": 250,
      "regex": "^diceros$",
      "closeLureAmount": 3,
      "lureCavebot": false,
      "danger": 1,
      "maxDistance": 10,
      "rePositionAmount": 5,
      "anchorRange": 3,
      "keepDistanceRange": 1,
      "anchor": false,
      "keepDistance": false,
      "avoidAttacks": false,
      "chase": false,
      "faceMonster": false,
      "dontLoot": false,
      "closeLure": false,
      "name": "diceros",
      "lureCount": 1,
      "diamondArrows": false,
      "priority": 1,
      "lureMax": 3
    },
    {
      "delayFrom": 2,
      "dynamicLureDelay": false,
      "rpSafe": false,
      "lure": false,
      "rePosition": false,
      "lureMin": 1,
      "dynamicLure": false,
      "lureDelay": 250,
      "regex": "^elite diceros$",
      "closeLureAmount": 3,
      "lureCavebot": false,
      "danger": 1,
      "maxDistance": 10,
      "rePositionAmount": 5,
      "anchorRange": 3,
      "keepDistanceRange": 1,
      "anchor": false,
      "keepDistance": false,
      "avoidAttacks": false,
      "chase": false,
      "faceMonster": false,
      "dontLoot": false,
      "closeLure": false,
      "name": "elite diceros",
      "lureCount": 1,
      "diamondArrows": false,
      "priority": 2,
      "lureMax": 4
    },
    {
      "delayFrom": 2,
      "dynamicLureDelay": false,
      "rpSafe": false,
      "lure": false,
      "rePosition": false,
      "lureMin": 1,
      "dynamicLure": false,
      "lureDelay": 250,
      "regex": "^guardian$",
      "closeLureAmount": 3,
      "lureCavebot": false,
      "danger": 1,
      "maxDistance": 10,
      "rePositionAmount": 5,
      "anchorRange": 3,
      "keepDistanceRange": 1,
      "anchor": false,
      "keepDistance": false,
      "avoidAttacks": false,
      "chase": false,
      "faceMonster": false,
      "dontLoot": false,
      "closeLure": false,
      "name": "guardian",
      "lureCount": 1,
      "diamondArrows": false,
      "priority": 1,
      "lureMax": 3
    },
    {
      "delayFrom": 2,
      "dynamicLureDelay": false,
      "rpSafe": false,
      "lure": false,
      "rePosition": false,
      "lureMin": 1,
      "dynamicLure": false,
      "lureDelay": 250,
      "regex": "^fardos$",
      "closeLureAmount": 3,
      "lureCavebot": false,
      "danger": 1,
      "maxDistance": 10,
      "rePositionAmount": 5,
      "anchorRange": 3,
      "keepDistanceRange": 1,
      "anchor": false,
      "keepDistance": false,
      "avoidAttacks": true,
      "chase": false,
      "faceMonster": false,
      "dontLoot": false,
      "closeLure": false,
      "name": "fardos",
      "lureCount": 1,
      "diamondArrows": false,
      "priority": 2,
      "lureMax": 3
    },
    {
      "delayFrom": 2,
      "dynamicLureDelay": false,
      "rpSafe": false,
      "lure": false,
      "rePosition": false,
      "lureMin": 1,
      "dynamicLure": false,
      "lureDelay": 250,
      "regex": "^young fire stone$|^young earth stone$|^young ice stone$",
      "closeLureAmount": 3,
      "lureCavebot": false,
      "danger": 1,
      "maxDistance": 10,
      "rePositionAmount": 5,
      "anchorRange": 3,
      "keepDistanceRange": 1,
      "lureMax": 3,
      "keepDistance": false,
      "avoidAttacks": false,
      "chase": false,
      "faceMonster": false,
      "dontLoot": false,
      "name": "young fire stone, young earth stone, young ice stone",
      "lureCount": 1,
      "closeLure": false,
      "anchor": false,
      "priority": 1,
      "diamondArrows": false
    }
  ],
  "looting": {
    "items": [

    ],
    "everyItem": false,
    "containers": [

    ],
    "maxDanger": 100,
    "minCapacity": 100
  }
}