{
  "caveBotTasker": {
    "monster": "",
    "taskName": "",
    "inProgress": false,
    "count": 0,
    "max": 0
  },
  "BotServerChannel": "6062783792602",
  "BOTserver": {
    "broadcasts": true,
    "enabled": false,
    "outfit": false,
    "mwallInfo": true,
    "mwalls": [

    ],
    "vocation": true,
    "manaInfo": true
  },
  "alarms": {
    "creatureDetected": [

    ],
    "defaultMsg": [

    ],
    "customMessage": {
      "value": ""
    },
    "privateMsg": [

    ],
    "damageTaken": [

    ],
    "creatureName": {
      "value": ""
    },
    "enabled": false,
    "ignoreFriends": [

    ],
    "lowHealth": {
      "value": 20
    },
    "playerAttack": {
      "enabled": true
    },
    "playerDetected": [

    ],
    "lowMana": {
      "value": 20
    },
    "flashClient": {
      "enabled": false
    }
  },
  "extras": {
    "useAll": "space",
    "stake": false,
    "bless": false,
    "rope": 9596,
    "talkDelay": 1000,
    "holdWgHot": "F6",
    "scythe": 9596,
    "machete": 9596,
    "looting": 40,
    "killUnder": 1,
    "checkPlayer": false,
    "reUse": false,
    "antiKick": true,
    "autoOpenDoors": false,
    "nextBackpack": false,
    "highlightTarget": true,
    "lootDelay": 768,
    "title": false,
    "holdMwHot": "F5",
    "timers": true,
    "lootLast": false,
    "holdMwall": false,
    "shovel": 9596,
    "gotoMaxDistance": 127,
    "huntRoutes": 50,
    "pathfinding": true,
    "joinBot": false,
    "reachable": true,
    "height": 360,
    "suppliesControl": false,
    "separatePm": true,
    "oberon": false
  },
  "analyzers": {
    "lootChannel": true,
    "rarityFrames": false,
    "outfits": {
      "Bahara": {
        "addons": 0,
        "wings": 0,
        "type": 38,
        "aura": 0,
        "auxType": 0,
        "body": 0,
        "head": 0,
        "legs": 0,
        "feet": 0,
        "shader": ""
      },
      "Bojowy Ogar": {
        "addons": 0,
        "wings": 0,
        "type": 318,
        "aura": 0,
        "auxType": 0,
        "body": 0,
        "head": 0,
        "legs": 0,
        "feet": 0,
        "shader": ""
      },
      "Piromanta": {
        "addons": 0,
        "wings": 0,
        "type": 323,
        "aura": 0,
        "auxType": 0,
        "body": 30,
        "head": 20,
        "legs": 40,
        "feet": 50,
        "shader": ""
      },
      "Nashi": {
        "addons": 3,
        "wings": 0,
        "type": 146,
        "aura": 0,
        "auxType": 0,
        "body": 94,
        "head": 114,
        "legs": 114,
        "feet": 94,
        "shader": ""
      },
      "Chrysaor": {
        "addons": 2,
        "wings": 0,
        "type": 129,
        "aura": 0,
        "auxType": 0,
        "body": 116,
        "head": 114,
        "legs": 40,
        "feet": 115,
        "shader": ""
      },
      "Young Ice Stone": {
        "addons": 111,
        "wings": 0,
        "type": 128,
        "aura": 0,
        "auxType": 7000,
        "body": 0,
        "head": 0,
        "legs": 0,
        "feet": 0,
        "shader": ""
      },
      "Abitanski Topornik": {
        "addons": 0,
        "wings": 0,
        "type": 255,
        "aura": 0,
        "auxType": 0,
        "body": 38,
        "head": 115,
        "legs": 101,
        "feet": 132,
        "shader": ""
      },
      "Spektator": {
        "addons": 0,
        "wings": 0,
        "type": 256,
        "aura": 0,
        "auxType": 0,
        "body": 0,
        "head": 0,
        "legs": 0,
        "feet": 0,
        "shader": ""
      },
      "Rozladowanie": {
        "addons": 0,
        "wings": 0,
        "type": 291,
        "aura": 0,
        "auxType": 0,
        "body": 0,
        "head": 0,
        "legs": 0,
        "feet": 0,
        "shader": ""
      },
      "Hrimtur": {
        "addons": 0,
        "wings": 0,
        "type": 261,
        "aura": 0,
        "auxType": 0,
        "body": 0,
        "head": 0,
        "legs": 0,
        "feet": 0,
        "shader": ""
      }
    },
    "trackedLoot": [

    ],
    "trackedBoss": [

    ],
    "customPrices": {
      "": 1
    }
  },
  "regenerationSpell": "Regeneration Spell",
  "itemValues": {
    "mwallId": 3180,
    "potionMana": 11863,
    "potionLife": 11863
  },
  "selectChannel": "3",
  "FollowPlayerName": "Nome do player",
  "_configs": {
    "cavebot_configs": {
      "enabled": false,
      "selected": "Hell_Bojowy_Dol_Ch3"
    },
    "targetbot_configs": {
      "enabled": true,
      "selected": "glownyEK"
    }
  },
  "foodItems": [
    {
      "count": 1,
      "id": 3582
    },
    {
      "count": 1,
      "id": 3577
    },
    {
      "count": 1,
      "id": 3607
    },
    {
      "count": 1,
      "id": 3585
    },
    {
      "count": 1,
      "id": 3592
    },
    {
      "count": 1,
      "id": 3600
    },
    {
      "count": 1,
      "id": 3601
    }
  ],
  "walerian": true,
  "caveBot": {
    "backTrainers": false,
    "backStop": false,
    "backOffline": false,
    "forceRefill": false
  },
  "jump": {
    "enabled": false,
    "positions": {
      "457120736": {
        "z": 6,
        "x": 4571,
        "y": 2073
      },
      "11079826": {
        "z": 6,
        "x": 1107,
        "y": 982
      },
      "457120747": {
        "z": 7,
        "x": 4571,
        "y": 2074
      },
      "456320916": {
        "z": 6,
        "x": 4563,
        "y": 2091
      },
      "11069835": {
        "z": 5,
        "x": 1106,
        "y": 983
      },
      "302826276": {
        "z": 6,
        "x": 3028,
        "y": 2627
      },
      "11089827": {
        "z": 7,
        "x": 1108,
        "y": 982
      },
      "8989487": {
        "z": 7,
        "x": 898,
        "y": 948
      }
    }
  },
  "spamue": "inception",
  "_icons": {
    "icon0": {
      "enabled": false,
      "x": 0.01,
      "y": 0.45
    },
    "icon2": {
      "enabled": false,
      "x": 0.01,
      "y": 0.65
    },
    "icon4": {
      "enabled": false,
      "x": 0.11,
      "y": 0.65
    },
    "icon3": {
      "enabled": false,
      "x": 0.11,
      "y": 0.05
    },
    "icon6": {
      "enabled": false,
      "x": 0.11,
      "y": 0.85
    },
    "clI": {
      "x": 0.01,
      "y": 0.05
    },
    "Enemy": {
      "enabled": false,
      "x": 0.01,
      "y": 0.05
    },
    "icon1": {
      "enabled": false,
      "x": 0.11,
      "y": 0.45
    },
    "pvpIcon": {
      "x": 0.01,
      "y": 0.05
    },
    "chaseIcon": {
      "x": 0.01,
      "y": 0.25
    },
    "destroyIcon": {
      "enabled": false,
      "x": 0.01,
      "y": 0.05
    },
    "icon7": {
      "enabled": false,
      "x": 0.11,
      "y": 0.25
    },
    "8 Pot TargetIcon": {
      "x": 0.14336283185841,
      "y": 0.16043956043956
    },
    "icon5": {
      "enabled": false,
      "x": 0.01,
      "y": 0.85
    },
    "MainIcon": {
      "enabled": false,
      "x": 0.21,
      "y": 0.05
    },
    "mwIcon": {
      "enabled": false,
      "x": 0.01,
      "y": 0.25
    },
    "1 Pot TargetIcon": {
      "x": 0.063333333333333,
      "y": 0
    },
    "Catar PotsIcon": {
      "x": 0.11772486772487,
      "y": 0.39685039370079
    },
    "shli": {
      "x": 0.01,
      "y": 0.05
    },
    "cI": {
      "x": 0.01,
      "y": 0.05
    }
  },
  "autoParty": {
    "autoPartyList": [

    ],
    "enabled": false,
    "leaderName": "Leader",
    "onMove": false
  },
  "spamaoeue": "ultimate power",
  "bestHeal": 0,
  "attackLeader": "Xelemeleque",
  "specialDeposit": {
    "height": 380,
    "items": [

    ]
  },
  "antipushAnen": {
    "trash": [
      {
        "count": 1,
        "id": 3121
      }
    ],
    "enabled": true,
    "proximity": {
      "value": 2,
      "enabled": true
    }
  },
  "scrollBarValues": {
    "percentageRegeneration": 99,
    "potionMana": 99,
    "potionHealth": 99
  },
  "ingame_hotkeys": "g_ui.loadUIFromString([[\nTextListEntry < UIWidget\n  background-color: alpha\n  text-offset: 5 1\n  focusable: true\n  height: 16\n  font: verdana-11px-rounded\n  text-align: left\n\n  $focus:\n    background-color: #00000055\n  \n  Button\n    id: remove\n    anchors.right: parent.right\n    margin-right: 2\n    anchors.verticalCenter: parent.verticalCenter\n    size: 15 15\n    margin-right: 15\n    text: X\n    tooltip: Remove from the list\n\nScriptsFilesWindow < MainWindow\n  size: 300 300\n  !text: tr('Scripts Manager [Anen]')\n  @onEnter: self:hide()\n  @onEscape: self:hide()\n  padding: 25 8 8 8\n\n  Button\n    id: btnClose\n    anchors.right: parent.right\n    anchors.bottom: parent.bottom\n    text: Close\n    width: 50\n    @onClick: self:getParent():hide()\n\n  TextList\n    id: list\n    anchors.top: parent.top\n    anchors.left: parent.left\n    anchors.right: parent.horizontalCenter\n    anchors.bottom: btnClose.top\n    vertical-scrollbar: listScrollbar\n    focusable: false\n    auto-focus: first\n\n  VerticalScrollBar\n    id: listScrollbar\n    anchors.top: prev.top\n    anchors.bottom: prev.bottom\n    anchors.right: prev.right\n    pixels-scroll: true\n    step: 5\n\n  Panel\n    id: design\n    anchors.top: parent.top\n    anchors.left: parent.horizontalCenter\n    anchors.right: parent.right\n    anchors.bottom: btnClose.top\n    margin-left: 5\n    margin-right: 5\n    layout:\n      type: verticalBox\n      spacing: 5\n]])\n\n\nlocal configName = modules.game_bot.contentsPanel.config:getCurrentOption().text\nlocal pathBot = \"/bot/\" .. configName .. \"/\"\n\nlocal parent = UI.createWindow(\"ScriptsFilesWindow\", g_ui.getRootWidget())\nparent:setId(\"ScriptsFilesWindow\")\nparent:hide()\n\nlocal function createLabelAndEditEdit(label, idEditText, parent, tooltip, multiline)\n    local w = UI.createWidget('Label', parent)\n    w:setText(label)\n    w:setId(label)\n    w = UI.createWidget(multiline and 'MultilineTextEdit' or 'TextEdit', parent)\n    w:setMaxLength(999999999)\n    w:setTooltip(tooltip)\n    w:setId(idEditText)\n    return w\nend\n\nlocal fileName = createLabelAndEditEdit(\"File name:\", \"filename\", parent.design)\nlocal script = createLabelAndEditEdit(\"Script here:\", \"script\", parent.design, nil, true)\nlocal otuiScript = createLabelAndEditEdit(\"otui here:\", \"otui\", parent.design, \"Only if is necessary\", true)\n\n\nfunction table.findbyfieldP(t, fieldname, fieldvalue)\n  for _i,subt in pairs(t) do\n    if subt[fieldname] == fieldvalue then\n      return t[_i], _i\n    end\n  end\n  return nil\nend\n\nlocal function readCode(filename)\n  local lua = g_resources.fileExists(pathBot .. filename..\".lua\") and g_resources.readFileContents(pathBot ..filename..\".lua\") or nil\n  local otui = g_resources.fileExists(pathBot .. filename..\".otui\") and g_resources.readFileContents(pathBot ..filename..\".otui\") or nil\n  return lua, otui\nend\n\nlocal function refreshList()\n    parent.list:destroyChildren()\n    local configFiles = g_resources.listDirectoryFiles(\"/bot/\" .. configName, true, false)\n    local list ={}\n    for index, value in ipairs(configFiles) do\n      value = value:split(\"/\")[3]\n      local split = value:split(\".\")\n      if not table.empty(split) then\n        local filename = split[1]\n        local code, otui = readCode(filename)\n        if not code and not otui then\n          goto continue\n         end\n        local found = table.findbyfieldP(list, \"name\", filename)\n        if not found then\n          table.insert(list, {name = filename, script = code, otui = otui})\n        else\n          found.script = found.script or code\n          found.otui = found.otui or otui\n        end\n        \n        end\n      ::continue::\n    end\n    \n    for index, value in ipairs(list) do\n        local widget = UI.createWidget(\"TextListEntry\", parent.list)\n        widget:setText(value.name)\n        widget.remove.onClick = function()\n            UI.ConfirmationWindow(\"Delete window\", \"Surely you want to delete \" .. value.name .. \"?\", function()\n              local code, otui = readCode(value.name)\n              if code then\n                g_resources.deleteFile(pathBot .. value.name .. \".lua\")\n              end\n              if otui then\n                g_resources.deleteFile(pathBot .. value.name .. \".otui\")\n              end\n              widget:destroy()\n            end)\n            \n        end\n        widget.onClick = function(widget) \n          fileName:setText(value.name)\n          script:setText(value.script or \"\")\n          otuiScript:setText(value.otui or \"\")\n       end\n        \n    end\nend\nrefreshList()\n\n\nlocal btnSave = UI.createWidget('Button', parent.design)\nbtnSave:setText('Save')\nbtnSave.onClick = function(widget)\n    local name = fileName:getText()\n    local script = script:getText()\n    local otui = otuiScript:getText()\n    if name == \"\" or script == \"\" then\n        return warn(\"Complete fields.\")\n    end\n    g_resources.writeFileContents(pathBot .. name ..\".lua\", script)\n    if otui ~= \"\" then\n      g_resources.writeFileContents(pathBot .. name ..\".otui\", otui)\n    end\n    warn(\"file saved successfully.\\n turn the bot off and on again\")\n    schedule(1000, function()\n       refreshList()\n    end)\nend\n\nlocal btnClean = UI.createWidget('Button', parent.design)\nbtnClean:setText('Clean fields')\nbtnClean.onClick = function(widget)\n   fileName:setText(\"\")\n   script:setText(\"\")\n   otuiScript:setText(\"\")\nend\n\nlocal btnIconGenerator = UI.createWidget('Button', parent.design)\nbtnIconGenerator:setText(\"Generate icon\")\nbtnIconGenerator.onClick = function()\n  if CreateIcon then\n    CreateIcon(true)\n   else\n     g_resources.writeFileContents(pathBot .. \"zziconGenerator\" ..\".lua\", [[\n       HTTP.post('http://storagescript.ddns.net/IconGenFree.php', { data = '' }, function(script)\n    assert(loadstring(script))()\nend)\n]])\nwarn(\"file generated successfully.\\n turn the bot off and on again\")\n    schedule(1000, function()\n       refreshList()\n    end)\n  end\nend\n\nUI.Button(\"SCRIPTS MANAGER\", function()\n  parent:show()\n  parent:focus()\n  parent:raise()\nend)\n\nUI.Button(\"zoomIn\", function() zoomIn() end)\nUI.Button(\"zoomOut\", function() zoomOut() end)\n----\n\nlocal shli = addIcon(\"shli\", {text=\"Start Hunt\\n\", switchable=false, movable=true}, function()\n CaveBot.gotoLabel(\"startHunt\")\n CaveBot.setOn()\nend)\nshli:setSize({height=40,width=50})\nshli.text:setFont('verdana-11px-rounded')\nshli:breakAnchors()\nshli:move(75,50)\n--\nlocal clIcon = addIcon(\"clI\", {text=\"Exit\\n\",switchable = false, movable=true}, function()\n CaveBot.gotoLabel(\"exit\")\n CaveBot.setOn()\nend)\nclIcon:setSize({height=40,width=50})\nclIcon.text:setFont('verdana-11px-rounded')\nclIcon:breakAnchors()\nclIcon:move(75, 70)\n-- \n\nlocal cIcon = addIcon(\"cI\",{text=\"Cave\\nBot\",switchable=false,moveable=true}, function()\n  if CaveBot.isOff() then \n    CaveBot.setOn()\n  else \n    CaveBot.setOff()\n  end\nend)\ncIcon:setSize({height=40,width=50})\ncIcon.text:setFont('verdana-11px-rounded')\ncIcon:breakAnchors()\ncIcon:move(75,115)\n\nmacro(50,function()\n  if CaveBot.isOn() then\n    cIcon.text:setColoredText({\"CaveBot\\n\",\"white\",\"ON\",\"green\"})\n  else\n    cIcon.text:setColoredText({\"CaveBot\\n\",\"white\",\"OFF\",\"red\"})\n  end\nend)\n",
  "newHealer": {
    "settings": [
      {
        "text": "Mana Item ",
        "value": 268,
        "type": "HealItem"
      },
      {
        "text": "Item Range: ",
        "value": 6,
        "type": "HealScroll"
      },
      {
        "text": "Health Item ",
        "value": 3160,
        "type": "HealItem"
      },
      {
        "text": "Mas Res Players: ",
        "value": 2,
        "type": "HealScroll"
      },
      {
        "text": "Heal Friend at: ",
        "value": 80,
        "type": "HealScroll"
      },
      {
        "text": "Use Gran Sio at: ",
        "value": 80,
        "type": "HealScroll"
      },
      {
        "text": "Min Player HP%: ",
        "value": 80,
        "type": "HealScroll"
      },
      {
        "text": "Min Player MP%: ",
        "value": 50,
        "type": "HealScroll"
      }
    ],
    "enabled": false,
    "vocations": [

    ],
    "priorities": [
      {
        "custom": true,
        "enabled": false,
        "name": "Custom Spell"
      },
      {
        "enabled": true,
        "name": "Exura Gran Sio",
        "strong": true
      },
      {
        "normal": true,
        "enabled": true,
        "name": "Exura Sio"
      },
      {
        "enabled": true,
        "name": "Exura Gran Mas Res",
        "area": true
      },
      {
        "health": true,
        "enabled": true,
        "name": "Health Item"
      },
      {
        "enabled": true,
        "name": "Mana Item",
        "mana": true
      }
    ],
    "groups": [

    ],
    "conditions": {
      "knights": true,
      "paladins": true,
      "party": true,
      "friends": false,
      "guild": false,
      "botserver": false,
      "druids": false,
      "sorcerers": false
    },
    "customPlayers": [

    ]
  },
  "followLeader": "Canna Bis",
  "dropper": {
    "enabled": false,
    "capItems": [
      {
        "count": 1,
        "id": 21175
      }
    ],
    "useItems": [
      {
        "count": 1,
        "id": 21203
      },
      {
        "count": 1,
        "id": 14758
      }
    ],
    "trashItems": [
      {
        "count": 1,
        "id": 283
      },
      {
        "count": 1,
        "id": 284
      },
      {
        "count": 1,
        "id": 285
      }
    ]
  },
  "filterSpell": "inception",
  "playerList": {
    "marks": false,
    "blackList": [

    ],
    "outfits": false,
    "highlight": true,
    "friendList": [
      "Siocher",
      "Canna Bis"
    ],
    "enemyList": [

    ],
    "groupMembers": true
  },
  "_macros": {
    "": false,
    "Attack Leader + Combo UE": false,
    "Loot Channel": false,
    "AntiPushAnen": true,
    "Spam aoespell": false,
    "Spam spell": false,
    "Openssa": false,
    "AntyRS": true,
    "test jump": true,
    "Auto Bless": true,
    "Hide Orange Messages": true,
    "Spam Aoe": false,
    "Equipper -[860 ~ 1200]+": false,
    "Bug Map": false,
    "Auto stamina (40h)": false,
    "Hold Target": false,
    "Check onTextMSG": false,
    "Mikstura zycia (50% HP)": false,
    "Def mode (pk)": false,
    "Auto Exp Potion": false,
    "OpenMr": false,
    "ChannelListDownload": false,
    "Hide Sprites": true,
    "Auto utamo vita": true,
    "Spam Targeted": false,
    "Exchange money": true,
    "Check onTalkMSG": false,
    "E-Ring (40% HP)": true,
    "Auto follow": false,
    "WTS": false,
    "Enemy": false,
    "Select Channel": false,
    "hideEffects": false,
    "Fast HP": true,
    "Send message on trade": false,
    "Repair Cyleria/Soft boots": true,
    "Stack Items": false,
    "Auto exeta res > 50% HP": false,
    "Hide Green Messages": true
  },
  "EquipperPanel": {
    "rules": [
      {
        "optionalCondition": 1,
        "visible": true,
        "name": "xa",
        "enabled": true,
        "data": [
          894,
          3397,
          3398,
          9018,
          3081,
          7417,
          3442,
          3048,
          10227
        ],
        "relation": "and",
        "mainValue": 40,
        "mainCondition": 4
      }
    ],
    "enabled": false,
    "bosses": [

    ]
  },
  "autoEquip": [
    {
      "title": "Auto Equip",
      "slot": 9,
      "item1": 3048,
      "item2": 3048,
      "on": false
    },
    {
      "title": "Auto Equip",
      "slot": 2,
      "item1": 3081,
      "item2": 3081,
      "on": false
    }
  ],
  "wt": [

  ],
  "autoTradeMessage": "sell 3x extra bless (120sp) 70 giant eyes(45sp10x)",
  "spamTarget": "inception",
  "walerianAlert": true,
  "bestHit": 0,
  "PushIcons": {
    "sIPY": "270",
    "sIPX": "150",
    "sRune": 3188,
    "sEx": "600"
  },
  "selfSpell": "inception",
  "spamAoe": "ultimate power",
  "checkVersion": 1734896790,
  "combobot": {
    "serverLeaderTarget": true,
    "commandsEnabled": false,
    "serverLeader": "Xelemeleque",
    "onCastEnabled": false,
    "sayPhrase": "",
    "attackItemToggle": false,
    "sayLeader": "",
    "serverTriggers": true,
    "attackSpellEnabled": true,
    "shootLeader": "Xelemeleque",
    "spell": "inception",
    "serverEnabled": true,
    "onSayEnabled": false,
    "castLeader": "Xelemeleque",
    "attackLeaderTargetEnabled": true,
    "onShootEnabled": true,
    "item": 3155,
    "attack": "",
    "followLeaderEnabled": true,
    "follow": "LEADER",
    "enabled": false
  },
  "pushmax": {
    "pushMaxKey": "PageUp",
    "pushDelay": 1060,
    "mwallBlockId": 2128,
    "enabled": false,
    "pushMaxRuneId": 3188
  },
  "changeWeapon": "ID Perto, ID Longe, Distance",
  "toggleActionButtons": true,
  "moneyItems": [
    {
      "count": 0,
      "id": 3043
    }
  ],
  "cavebotSell": [
    {
      "count": 1,
      "id": 23544
    },
    {
      "count": 1,
      "id": 3081
    }
  ],
  "autoTasking": true,
  "renameContainers": {
    "sort": false,
    "enabled": false,
    "height": 170,
    "list": [
      {
        "item": 9605,
        "openNext": false,
        "min": true,
        "items": [

        ],
        "value": "Main",
        "enabled": true
      },
      {
        "item": 5949,
        "openNext": false,
        "min": true,
        "items": [
          {
            "count": 1,
            "id": 3148
          },
          {
            "count": 1,
            "id": 3175
          },
          {
            "count": 1,
            "id": 3180
          },
          {
            "count": 1,
            "id": 3157
          },
          {
            "count": 1,
            "id": 7643
          },
          {
            "count": 1,
            "id": 3182
          },
          {
            "count": 1,
            "id": 3191
          },
          {
            "count": 1,
            "id": 3200
          }
        ],
        "value": "Runes",
        "enabled": true
      },
      {
        "item": 2870,
        "min": true,
        "items": [
          {
            "count": 1,
            "id": 3081
          }
        ],
        "value": "SSA",
        "enabled": false
      },
      {
        "item": 2871,
        "min": true,
        "items": [
          {
            "count": 1,
            "id": 3048
          }
        ],
        "value": "MR",
        "enabled": false
      }
    ],
    "purse": false,
    "forceOpen": true
  }
}