{
  "currentBotProfile": 1,
  "AttackBot": [
    {
      "Visible": false,
      "pvpMode": false,
      "name": "Profile #1",
      "KillsAmount": 1,
      "BlackListSafe": false,
      "ignoreMana": false,
      "Training": true,
      "AntiRsRange": 5,
      "enabled": true,
      "attackTable": [
        {
          "creatures": "bekart wojny",
          "minHp": 0,
          "description": "[10 Sqm] 1+ Creatures: inception, targeted (0%-100%)",
          "category": 1,
          "pattern": 10,
          "tooltip": "bekart wojny",
          "orMore": true,
          "mana": 1,
          "cooldown": 1000,
          "count": 1,
          "enabled": true,
          "itemId": 0,
          "spell": "inception",
          "monsters": [
            "bekart wojny"
          ],
          "patternCategory": 1,
          "maxHp": 100
        },
        {
          "creatures": "*",
          "minHp": 0,
          "description": "[10 Sqm] 1 Any Creatures: inception, targeted (0%-100%)",
          "category": 1,
          "pattern": 10,
          "tooltip": false,
          "orMore": false,
          "mana": 20,
          "cooldown": 800,
          "count": 1,
          "enabled": true,
          "itemId": 0,
          "spell": "inception",
          "monsters": true,
          "patternCategory": 1,
          "maxHp": 100
        },
        {
          "creatures": "monster names",
          "minHp": 0,
          "description": "[4 Sqm] 1+ Any Creatures: ultimate power, targeted (0%-100%)",
          "category": 1,
          "pattern": 4,
          "tooltip": false,
          "orMore": true,
          "mana": 20,
          "cooldown": 500,
          "count": 1,
          "enabled": true,
          "itemId": 0,
          "spell": "ultimate power",
          "monsters": true,
          "patternCategory": 1,
          "maxHp": 100
        }
      ],
      "Cooldown": false,
      "Rotate": false,
      "PvpSafe": false,
      "Kills": false
    },
    {
      "Visible": false,
      "pvpMode": false,
      "name": "Profile #2",
      "BlackListSafe": false,
      "ignoreMana": false,
      "KillsAmount": 1,
      "AntiRsRange": 5,
      "Kills": false,
      "attackTable": [
        {
          "creatures": "*",
          "minHp": 0,
          "description": "[7 Sqm] 1 Any Creatures: inception, targeted (0%-100%)",
          "category": 1,
          "pattern": 7,
          "tooltip": false,
          "orMore": false,
          "mana": 1,
          "cooldown": 600,
          "count": 1,
          "enabled": true,
          "itemId": 0,
          "spell": "inception",
          "monsters": true,
          "patternCategory": 1,
          "maxHp": 100
        },
        {
          "creatures": "*",
          "minHp": 0,
          "description": "[Small Area] 1+ Any Creatures: ultimate power, absolute (0%-100%)",
          "category": 5,
          "pattern": 3,
          "tooltip": false,
          "orMore": true,
          "mana": 1,
          "cooldown": 700,
          "count": 1,
          "enabled": true,
          "itemId": 0,
          "spell": "ultimate power",
          "monsters": true,
          "patternCategory": 4,
          "maxHp": 100
        }
      ],
      "Cooldown": false,
      "Rotate": false,
      "PvpSafe": false,
      "enabled": true
    },
    {
      "Visible": false,
      "pvpMode": true,
      "name": "Profile #3",
      "BlackListSafe": false,
      "ignoreMana": false,
      "KillsAmount": 1,
      "AntiRsRange": 5,
      "Kills": false,
      "attackTable": [
        {
          "creatures": "*",
          "minHp": 0,
          "description": "[10 Sqm] 1+ Any Creatures: inception, targeted (0%-60%)",
          "category": 1,
          "pattern": 10,
          "tooltip": false,
          "orMore": true,
          "mana": 1,
          "cooldown": 4000,
          "count": 1,
          "enabled": true,
          "itemId": 0,
          "spell": "inception",
          "monsters": true,
          "patternCategory": 1,
          "maxHp": 60
        }
      ],
      "Cooldown": false,
      "Rotate": false,
      "PvpSafe": false,
      "enabled": false
    },
    {
      "Visible": false,
      "pvpMode": false,
      "name": "Profile #4",
      "BlackListSafe": false,
      "ignoreMana": false,
      "KillsAmount": 1,
      "AntiRsRange": 5,
      "Kills": false,
      "attackTable": [
        {
          "creatures": "bojowy ogar",
          "minHp": 0,
          "description": "[Small Area] 1+ Creatures: ultimate power, absolute (0%-100%)",
          "category": 5,
          "pattern": 3,
          "tooltip": "bojowy ogar",
          "orMore": true,
          "mana": 1,
          "cooldown": 100,
          "count": 1,
          "enabled": true,
          "itemId": 0,
          "spell": "ultimate power",
          "monsters": [
            "bojowy ogar"
          ],
          "patternCategory": 4,
          "maxHp": 100
        }
      ],
      "Cooldown": false,
      "Rotate": false,
      "PvpSafe": false,
      "enabled": true
    },
    {
      "Visible": false,
      "pvpMode": false,
      "name": "Profile #5",
      "BlackListSafe": false,
      "ignoreMana": false,
      "KillsAmount": 1,
      "AntiRsRange": 5,
      "Kills": false,
      "attackTable": [
        {
          "creatures": "meteo, clockwork, demoniczny pomiot, earth stone, fire stone, ice stone",
          "minHp": 0,
          "description": "[8 Sqm] 1+ Creatures: inception, targeted (0%-100%)",
          "category": 1,
          "pattern": 8,
          "tooltip": "meteo, clockwork, demoniczny pomiot, earth stone, fire stone, ice stone",
          "orMore": true,
          "mana": 1,
          "cooldown": 500,
          "count": 1,
          "enabled": true,
          "itemId": 0,
          "spell": "inception",
          "monsters": [
            "meteo",
            " clockwork",
            " demoniczny pomiot",
            " earth stone",
            " fire stone",
            " ice stone"
          ],
          "patternCategory": 1,
          "maxHp": 100
        },
        {
          "creatures": "zle oko, cylerian, atrox, abitanski topornik",
          "minHp": 0,
          "description": "[Small Area] 1+ Creatures: ultimate power, absolute (0%-100%)",
          "category": 5,
          "pattern": 3,
          "tooltip": "zle oko, cylerian, atrox, abitanski topornik",
          "orMore": true,
          "mana": 1,
          "cooldown": 500,
          "count": 1,
          "enabled": true,
          "itemId": 0,
          "spell": "ultimate power",
          "monsters": [
            "zle oko",
            " cylerian",
            " atrox",
            " abitanski topornik"
          ],
          "patternCategory": 4,
          "maxHp": 100
        }
      ],
      "Cooldown": false,
      "Rotate": false,
      "PvpSafe": false,
      "enabled": false
    }
  ]
}